{"edges":[{"label":"","source":"33","target":"14","id":"65","attributes":{},"color":"rgb(103,20,186)","size":1.0},{"label":"","source":"33","target":"8","id":"62","attributes":{},"color":"rgb(103,20,186)","size":1.0},{"label":"","source":"32","target":"22","id":"57","attributes":{},"color":"rgb(103,20,186)","size":1.0},{"label":"","source":"31","target":"28","id":"50","attributes":{},"color":"rgb(56,76,255)","size":1.0},{"label":"","source":"12","target":"0","id":"23","attributes":{},"color":"rgb(20,186,186)","size":1.0},{"label":"","source":"27","target":"2","id":"39","attributes":{},"color":"rgb(61,103,186)","size":1.0},{"label":"","source":"33","target":"30","id":"76","attributes":{},"color":"rgb(103,20,186)","size":1.0},{"label":"","source":"32","target":"31","id":"61","attributes":{},"color":"rgb(79,48,220)","size":1.0},{"label":"","source":"2","target":"1","id":"3","attributes":{},"color":"rgb(20,186,186)","size":1.0},{"label":"","source":"29","target":"26","id":"44","attributes":{},"color":"rgb(103,20,186)","size":1.0},{"label":"","source":"33","target":"28","id":"74","attributes":{},"color":"rgb(79,48,220)","size":1.0},{"label":"","source":"3","target":"0","id":"4","attributes":{},"color":"rgb(20,186,186)","size":1.0},{"label":"","source":"33","target":"20","id":"69","attributes":{},"color":"rgb(103,20,186)","size":1.0},{"label":"","source":"10","target":"0","id":"19","attributes":{},"color":"rgb(10,205,124)","size":1.0},{"label":"","source":"30","target":"8","id":"46","attributes":{},"color":"rgb(103,20,186)","size":1.0},{"label":"","source":"7","target":"3","id":"15","attributes":{},"color":"rgb(20,186,186)","size":1.0},{"label":"","source":"7","target":"2","id":"14","attributes":{},"color":"rgb(20,186,186)","size":1.0},{"label":"","source":"21","target":"1","id":"36","attributes":{},"color":"rgb(20,186,186)","size":1.0},{"label":"","source":"21","target":"0","id":"35","attributes":{},"color":"rgb(20,186,186)","size":1.0},{"label":"","source":"33","target":"9","id":"63","attributes":{},"color":"rgb(61,103,186)","size":1.0},{"label":"","source":"28","target":"2","id":"42","attributes":{},"color":"rgb(38,131,220)","size":1.0},{"label":"","source":"5","target":"0","id":"8","attributes":{},"color":"rgb(10,205,124)","size":1.0},{"label":"","source":"9","target":"2","id":"18","attributes":{},"color":"rgb(20,186,186)","size":1.0},{"label":"","source":"30","target":"1","id":"45","attributes":{},"color":"rgb(61,103,186)","size":1.0},{"label":"","source":"33","target":"22","id":"70","attributes":{},"color":"rgb(103,20,186)","size":1.0},{"label":"","source":"3","target":"1","id":"5","attributes":{},"color":"rgb(20,186,186)","size":1.0},{"label":"","source":"3","target":"2","id":"6","attributes":{},"color":"rgb(20,186,186)","size":1.0},{"label":"","source":"27","target":"24","id":"41","attributes":{},"color":"rgb(79,48,220)","size":1.0},{"label":"","source":"4","target":"0","id":"7","attributes":{},"color":"rgb(10,205,124)","size":1.0},{"label":"","source":"33","target":"13","id":"64","attributes":{},"color":"rgb(61,103,186)","size":1.0},{"label":"","source":"32","target":"23","id":"58","attributes":{},"color":"rgb(103,20,186)","size":1.0},{"label":"","source":"33","target":"26","id":"72","attributes":{},"color":"rgb(103,20,186)","size":1.0},{"label":"","source":"7","target":"0","id":"12","attributes":{},"color":"rgb(20,186,186)","size":1.0},{"label":"","source":"6","target":"5","id":"11","attributes":{},"color":"rgb(0,224,63)","size":1.0},{"label":"","source":"13","target":"3","id":"28","attributes":{},"color":"rgb(20,186,186)","size":1.0},{"label":"","source":"19","target":"0","id":"33","attributes":{},"color":"rgb(20,186,186)","size":1.0},{"label":"","source":"31","target":"24","id":"48","attributes":{},"color":"rgb(56,76,255)","size":1.0},{"label":"","source":"13","target":"2","id":"27","attributes":{},"color":"rgb(20,186,186)","size":1.0},{"label":"","source":"10","target":"5","id":"21","attributes":{},"color":"rgb(0,224,63)","size":1.0},{"label":"","source":"7","target":"1","id":"13","attributes":{},"color":"rgb(20,186,186)","size":1.0},{"label":"","source":"33","target":"27","id":"73","attributes":{},"color":"rgb(103,20,186)","size":1.0},{"label":"","source":"32","target":"15","id":"54","attributes":{},"color":"rgb(103,20,186)","size":1.0},{"label":"","source":"27","target":"23","id":"40","attributes":{},"color":"rgb(103,20,186)","size":1.0},{"label":"","source":"11","target":"0","id":"22","attributes":{},"color":"rgb(20,186,186)","size":1.0},{"label":"","source":"31","target":"25","id":"49","attributes":{},"color":"rgb(56,76,255)","size":1.0},{"label":"","source":"32","target":"20","id":"56","attributes":{},"color":"rgb(103,20,186)","size":1.0},{"label":"","source":"33","target":"15","id":"66","attributes":{},"color":"rgb(103,20,186)","size":1.0},{"label":"","source":"33","target":"19","id":"68","attributes":{},"color":"rgb(61,103,186)","size":1.0},{"label":"","source":"6","target":"4","id":"10","attributes":{},"color":"rgb(0,224,63)","size":1.0},{"label":"","source":"33","target":"23","id":"71","attributes":{},"color":"rgb(103,20,186)","size":1.0},{"label":"","source":"6","target":"0","id":"9","attributes":{},"color":"rgb(10,205,124)","size":1.0},{"label":"","source":"32","target":"30","id":"60","attributes":{},"color":"rgb(103,20,186)","size":1.0},{"label":"","source":"17","target":"0","id":"31","attributes":{},"color":"rgb(20,186,186)","size":1.0},{"label":"","source":"32","target":"14","id":"53","attributes":{},"color":"rgb(103,20,186)","size":1.0},{"label":"","source":"8","target":"0","id":"16","attributes":{},"color":"rgb(61,103,186)","size":1.0},{"label":"","source":"1","target":"0","id":"1","attributes":{},"color":"rgb(20,186,186)","size":1.0},{"label":"","source":"25","target":"23","id":"37","attributes":{},"color":"rgb(79,48,220)","size":1.0},{"label":"","source":"33","target":"31","id":"77","attributes":{},"color":"rgb(79,48,220)","size":1.0},{"label":"","source":"32","target":"29","id":"59","attributes":{},"color":"rgb(103,20,186)","size":1.0},{"label":"","source":"13","target":"1","id":"26","attributes":{},"color":"rgb(20,186,186)","size":1.0},{"label":"","source":"33","target":"29","id":"75","attributes":{},"color":"rgb(103,20,186)","size":1.0},{"label":"","source":"2","target":"0","id":"2","attributes":{},"color":"rgb(20,186,186)","size":1.0},{"label":"","source":"12","target":"3","id":"24","attributes":{},"color":"rgb(20,186,186)","size":1.0},{"label":"","source":"33","target":"32","id":"78","attributes":{},"color":"rgb(103,20,186)","size":1.0},{"label":"","source":"32","target":"18","id":"55","attributes":{},"color":"rgb(103,20,186)","size":1.0},{"label":"","source":"33","target":"18","id":"67","attributes":{},"color":"rgb(103,20,186)","size":1.0},{"label":"","source":"17","target":"1","id":"32","attributes":{},"color":"rgb(20,186,186)","size":1.0},{"label":"","source":"25","target":"24","id":"38","attributes":{},"color":"rgb(56,76,255)","size":1.0},{"label":"","source":"13","target":"0","id":"25","attributes":{},"color":"rgb(20,186,186)","size":1.0},{"label":"","source":"8","target":"2","id":"17","attributes":{},"color":"rgb(61,103,186)","size":1.0},{"label":"","source":"16","target":"6","id":"30","attributes":{},"color":"rgb(0,224,63)","size":1.0},{"label":"","source":"31","target":"0","id":"47","attributes":{},"color":"rgb(38,131,220)","size":1.0},{"label":"","source":"10","target":"4","id":"20","attributes":{},"color":"rgb(0,224,63)","size":1.0},{"label":"","source":"16","target":"5","id":"29","attributes":{},"color":"rgb(0,224,63)","size":1.0},{"label":"","source":"19","target":"1","id":"34","attributes":{},"color":"rgb(20,186,186)","size":1.0},{"label":"","source":"32","target":"8","id":"52","attributes":{},"color":"rgb(103,20,186)","size":1.0},{"label":"","source":"29","target":"23","id":"43","attributes":{},"color":"rgb(103,20,186)","size":1.0},{"label":"","source":"32","target":"2","id":"51","attributes":{},"color":"rgb(61,103,186)","size":1.0}],"nodes":[{"label":"26.0","x":7.37856388092041,"y":279.1949462890625,"id":"25","attributes":{"Modularity Class":"2","Degree":"3"},"color":"rgb(56,76,255)","size":11.625},{"label":"9.0","x":70.24354553222656,"y":4.2266340255737305,"id":"8","attributes":{"Modularity Class":"3","Degree":"5"},"color":"rgb(103,20,186)","size":14.25},{"label":"10.0","x":40.36126708984375,"y":72.3045425415039,"id":"9","attributes":{"Modularity Class":"0","Degree":"2"},"color":"rgb(20,186,186)","size":10.3125},{"label":"17.0","x":-276.27044677734375,"y":-359.6834411621094,"id":"16","attributes":{"Modularity Class":"1","Degree":"2"},"color":"rgb(0,224,63)","size":10.3125},{"label":"2.0","x":-26.28084373474121,"y":-120.38619995117188,"id":"1","attributes":{"Modularity Class":"0","Degree":"9"},"color":"rgb(20,186,186)","size":19.5},{"label":"5.0","x":-193.1160888671875,"y":-284.16522216796875,"id":"4","attributes":{"Modularity Class":"1","Degree":"3"},"color":"rgb(0,224,63)","size":11.625},{"label":"24.0","x":100.52303314208984,"y":249.48228454589844,"id":"23","attributes":{"Modularity Class":"3","Degree":"5"},"color":"rgb(103,20,186)","size":14.25},{"label":"32.0","x":-6.263794422149658,"y":152.72879028320312,"id":"31","attributes":{"Modularity Class":"2","Degree":"6"},"color":"rgb(56,76,255)","size":15.5625},{"label":"28.0","x":24.138944625854492,"y":204.75482177734375,"id":"27","attributes":{"Modularity Class":"3","Degree":"4"},"color":"rgb(103,20,186)","size":12.9375},{"label":"20.0","x":20.894908905029297,"y":-75.58456420898438,"id":"19","attributes":{"Modularity Class":"0","Degree":"3"},"color":"rgb(20,186,186)","size":11.625},{"label":"33.0","x":176.55979919433594,"y":129.17303466796875,"id":"32","attributes":{"Modularity Class":"3","Degree":"12"},"color":"rgb(103,20,186)","size":23.4375},{"label":"6.0","x":-255.1515350341797,"y":-300.57684326171875,"id":"5","attributes":{"Modularity Class":"1","Degree":"4"},"color":"rgb(0,224,63)","size":12.9375},{"label":"3.0","x":-24.255348205566406,"y":12.75265884399414,"id":"2","attributes":{"Modularity Class":"0","Degree":"10"},"color":"rgb(20,186,186)","size":20.8125},{"label":"21.0","x":190.92269897460938,"y":183.635009765625,"id":"20","attributes":{"Modularity Class":"3","Degree":"2"},"color":"rgb(103,20,186)","size":10.3125},{"label":"34.0","x":115.69300079345703,"y":128.20657348632812,"id":"33","attributes":{"Modularity Class":"3","Degree":"17"},"color":"rgb(103,20,186)","size":30.0},{"label":"8.0","x":-90.37571716308594,"y":-89.30091094970703,"id":"7","attributes":{"Modularity Class":"0","Degree":"4"},"color":"rgb(20,186,186)","size":12.9375},{"label":"22.0","x":-42.78045654296875,"y":-198.25314331054688,"id":"21","attributes":{"Modularity Class":"0","Degree":"2"},"color":"rgb(20,186,186)","size":10.3125},{"label":"16.0","x":215.4884796142578,"y":88.7549057006836,"id":"15","attributes":{"Modularity Class":"3","Degree":"2"},"color":"rgb(103,20,186)","size":10.3125},{"label":"27.0","x":198.6263427734375,"y":249.9412078857422,"id":"26","attributes":{"Modularity Class":"3","Degree":"2"},"color":"rgb(103,20,186)","size":10.3125},{"label":"23.0","x":234.14991760253906,"y":116.04270935058594,"id":"22","attributes":{"Modularity Class":"3","Degree":"2"},"color":"rgb(103,20,186)","size":10.3125},{"label":"12.0","x":-183.75157165527344,"y":-198.74949645996094,"id":"11","attributes":{"Modularity Class":"0","Degree":"1"},"color":"rgb(20,186,186)","size":9.0},{"label":"15.0","x":221.43992614746094,"y":173.87181091308594,"id":"14","attributes":{"Modularity Class":"3","Degree":"2"},"color":"rgb(103,20,186)","size":10.3125},{"label":"30.0","x":168.87551879882812,"y":241.71910095214844,"id":"29","attributes":{"Modularity Class":"3","Degree":"4"},"color":"rgb(103,20,186)","size":12.9375},{"label":"18.0","x":-68.56707763671875,"y":-208.9313507080078,"id":"17","attributes":{"Modularity Class":"0","Degree":"2"},"color":"rgb(20,186,186)","size":10.3125},{"label":"25.0","x":-29.381685256958008,"y":257.708984375,"id":"24","attributes":{"Modularity Class":"2","Degree":"3"},"color":"rgb(56,76,255)","size":11.625},{"label":"31.0","x":122.88722229003906,"y":7.107254505157471,"id":"30","attributes":{"Modularity Class":"3","Degree":"4"},"color":"rgb(103,20,186)","size":12.9375},{"label":"29.0","x":0.6172819137573242,"y":109.1143569946289,"id":"28","attributes":{"Modularity Class":"2","Degree":"3"},"color":"rgb(56,76,255)","size":11.625},{"label":"19.0","x":234.42312622070312,"y":146.81866455078125,"id":"18","attributes":{"Modularity Class":"3","Degree":"2"},"color":"rgb(103,20,186)","size":10.3125},{"label":"1.0","x":-122.77005004882812,"y":-159.02850341796875,"id":"0","attributes":{"Modularity Class":"0","Degree":"16"},"color":"rgb(20,186,186)","size":28.6875},{"label":"13.0","x":-194.2610321044922,"y":-114.62952423095703,"id":"12","attributes":{"Modularity Class":"0","Degree":"2"},"color":"rgb(20,186,186)","size":10.3125},{"label":"11.0","x":-224.02154541015625,"y":-260.91253662109375,"id":"10","attributes":{"Modularity Class":"1","Degree":"3"},"color":"rgb(0,224,63)","size":11.625},{"label":"14.0","x":-51.71173095703125,"y":-41.445255279541016,"id":"13","attributes":{"Modularity Class":"0","Degree":"5"},"color":"rgb(20,186,186)","size":14.25},{"label":"7.0","x":-224.50064086914062,"y":-323.9622497558594,"id":"6","attributes":{"Modularity Class":"1","Degree":"4"},"color":"rgb(0,224,63)","size":12.9375},{"label":"4.0","x":-129.6620330810547,"y":-71.842529296875,"id":"3","attributes":{"Modularity Class":"0","Degree":"6"},"color":"rgb(20,186,186)","size":15.5625}]}